timeStamp,elapsed,label,responseCode,responseMessage,threadName,dataType,success,failureMessage,bytes,sentBytes,grpThreads,allThreads,URL,Latency,IdleTime,Connect
1705295509141,1129,BunnyCart- HTTP Request,200,OK,BunnyCart-Thread Group 1-1,text,true,,216887,300,1,1,https://www.bunnycart.com/,292,0,71
1705295509141,292,BunnyCart- HTTP Request-0,301,Moved Permanently,BunnyCart-Thread Group 1-1,text,true,,1348,178,1,1,https://bunnycart.com/,292,0,71
1705295509434,836,BunnyCart- HTTP Request-1,200,OK,BunnyCart-Thread Group 1-1,text,true,,215539,122,1,1,https://www.bunnycart.com/,727,0,195
1705295510271,613,Aqua HTTP Request,200,OK,BunnyCart-Thread Group 1-1,text,true,,301064,330,1,1,https://www.bunnycart.com/aquarium-plants,176,0,0
1705295510271,176,Aqua HTTP Request-0,301,Moved Permanently,BunnyCart-Thread Group 1-1,text,true,,1369,193,1,1,https://bunnycart.com/aquarium-plants,176,0,0
1705295510447,437,Aqua HTTP Request-1,200,OK,BunnyCart-Thread Group 1-1,text,true,,299695,137,1,1,https://www.bunnycart.com/aquarium-plants,304,0,0
1705295510885,647,HTTP Request,200,OK,BunnyCart-Thread Group 1-1,text,true,,315487,382,1,1,https://www.bunnycart.com/aquarium-plants/foreground-aquatic-plants,195,0,0
1705295510885,195,HTTP Request-0,301,Moved Permanently,BunnyCart-Thread Group 1-1,text,true,,1395,219,1,1,https://bunnycart.com/aquarium-plants/foreground-aquatic-plants,195,0,0
1705295511080,452,HTTP Request-1,200,OK,BunnyCart-Thread Group 1-1,text,true,,314092,163,1,1,https://www.bunnycart.com/aquarium-plants/foreground-aquatic-plants,315,0,0
1705295514133,5029,BunnyCart- HTTP Request,200,OK,BunnyCart-Thread Group 1-2,text,true,,216874,300,2,2,https://www.bunnycart.com/,4072,0,204
1705295514133,4072,BunnyCart- HTTP Request-0,301,Moved Permanently,BunnyCart-Thread Group 1-2,text,true,,1348,178,2,2,https://bunnycart.com/,4072,0,204
1705295518206,956,BunnyCart- HTTP Request-1,200,OK,BunnyCart-Thread Group 1-2,text,true,,215526,122,2,2,https://www.bunnycart.com/,931,0,81
1705295519162,491,Aqua HTTP Request,200,OK,BunnyCart-Thread Group 1-2,text,true,,301055,330,2,2,https://www.bunnycart.com/aquarium-plants,284,0,0
1705295519162,284,Aqua HTTP Request-0,301,Moved Permanently,BunnyCart-Thread Group 1-2,text,true,,1365,193,2,2,https://bunnycart.com/aquarium-plants,284,0,0
1705295519447,206,Aqua HTTP Request-1,200,OK,BunnyCart-Thread Group 1-2,text,true,,299690,137,2,2,https://www.bunnycart.com/aquarium-plants,172,0,0
1705295519655,505,HTTP Request,200,OK,BunnyCart-Thread Group 1-2,text,true,,315493,382,2,2,https://www.bunnycart.com/aquarium-plants/foreground-aquatic-plants,289,0,0
1705295519655,289,HTTP Request-0,301,Moved Permanently,BunnyCart-Thread Group 1-2,text,true,,1389,219,2,2,https://bunnycart.com/aquarium-plants/foreground-aquatic-plants,289,0,0
1705295519944,216,HTTP Request-1,200,OK,BunnyCart-Thread Group 1-2,text,true,,314104,163,2,2,https://www.bunnycart.com/aquarium-plants/foreground-aquatic-plants,197,0,0
1705295519131,1285,BunnyCart- HTTP Request,200,OK,BunnyCart-Thread Group 1-3,text,true,,216897,300,1,1,https://www.bunnycart.com/,315,0,95
1705295519131,315,BunnyCart- HTTP Request-0,301,Moved Permanently,BunnyCart-Thread Group 1-3,text,true,,1350,178,1,1,https://bunnycart.com/,315,0,95
1705295519447,969,BunnyCart- HTTP Request-1,200,OK,BunnyCart-Thread Group 1-3,text,true,,215547,122,1,1,https://www.bunnycart.com/,897,0,144
1705295520417,576,Aqua HTTP Request,200,OK,BunnyCart-Thread Group 1-3,text,true,,301054,330,1,1,https://www.bunnycart.com/aquarium-plants,165,0,0
1705295520417,165,Aqua HTTP Request-0,301,Moved Permanently,BunnyCart-Thread Group 1-3,text,true,,1359,193,1,1,https://bunnycart.com/aquarium-plants,165,0,0
1705295520582,411,Aqua HTTP Request-1,200,OK,BunnyCart-Thread Group 1-3,text,true,,299695,137,1,1,https://www.bunnycart.com/aquarium-plants,299,0,0
1705295520994,667,HTTP Request,200,OK,BunnyCart-Thread Group 1-3,text,true,,315503,382,1,1,https://www.bunnycart.com/aquarium-plants/foreground-aquatic-plants,244,0,0
1705295520994,244,HTTP Request-0,301,Moved Permanently,BunnyCart-Thread Group 1-3,text,true,,1395,219,1,1,https://bunnycart.com/aquarium-plants/foreground-aquatic-plants,244,0,0
1705295521239,422,HTTP Request-1,200,OK,BunnyCart-Thread Group 1-3,text,true,,314108,163,1,1,https://www.bunnycart.com/aquarium-plants/foreground-aquatic-plants,303,0,0
1705295524133,988,BunnyCart- HTTP Request,200,OK,BunnyCart-Thread Group 1-4,text,true,,216876,300,1,1,https://www.bunnycart.com/,664,0,166
1705295524133,664,BunnyCart- HTTP Request-0,301,Moved Permanently,BunnyCart-Thread Group 1-4,text,true,,1352,178,1,1,https://bunnycart.com/,664,0,166
1705295524798,323,BunnyCart- HTTP Request-1,200,OK,BunnyCart-Thread Group 1-4,text,true,,215524,122,1,1,https://www.bunnycart.com/,305,0,55
1705295525122,589,Aqua HTTP Request,200,OK,BunnyCart-Thread Group 1-4,text,true,,301039,330,1,1,https://www.bunnycart.com/aquarium-plants,334,0,0
1705295525122,334,Aqua HTTP Request-0,301,Moved Permanently,BunnyCart-Thread Group 1-4,text,true,,1363,193,1,1,https://bunnycart.com/aquarium-plants,334,0,0
1705295525457,254,Aqua HTTP Request-1,200,OK,BunnyCart-Thread Group 1-4,text,true,,299676,137,1,1,https://www.bunnycart.com/aquarium-plants,227,0,0
1705295525712,498,HTTP Request,200,OK,BunnyCart-Thread Group 1-4,text,true,,315486,382,1,1,https://www.bunnycart.com/aquarium-plants/foreground-aquatic-plants,305,0,0
1705295525712,305,HTTP Request-0,301,Moved Permanently,BunnyCart-Thread Group 1-4,text,true,,1395,219,1,1,https://bunnycart.com/aquarium-plants/foreground-aquatic-plants,305,0,0
1705295526018,192,HTTP Request-1,200,OK,BunnyCart-Thread Group 1-4,text,true,,314091,163,1,1,https://www.bunnycart.com/aquarium-plants/foreground-aquatic-plants,170,0,0
1705295529134,704,BunnyCart- HTTP Request,200,OK,BunnyCart-Thread Group 1-5,text,true,,216881,300,1,1,https://www.bunnycart.com/,373,0,105
1705295529134,373,BunnyCart- HTTP Request-0,301,Moved Permanently,BunnyCart-Thread Group 1-5,text,true,,1350,178,1,1,https://bunnycart.com/,373,0,105
1705295529508,330,BunnyCart- HTTP Request-1,200,OK,BunnyCart-Thread Group 1-5,text,true,,215531,122,1,1,https://www.bunnycart.com/,308,0,76
1705295529838,400,Aqua HTTP Request,200,OK,BunnyCart-Thread Group 1-5,text,true,,301037,330,1,1,https://www.bunnycart.com/aquarium-plants,185,0,0
1705295529838,185,Aqua HTTP Request-0,301,Moved Permanently,BunnyCart-Thread Group 1-5,text,true,,1363,193,1,1,https://bunnycart.com/aquarium-plants,185,0,0
1705295530023,215,Aqua HTTP Request-1,200,OK,BunnyCart-Thread Group 1-5,text,true,,299674,137,1,1,https://www.bunnycart.com/aquarium-plants,187,0,0
1705295530238,440,HTTP Request,200,OK,BunnyCart-Thread Group 1-5,text,true,,315476,382,1,1,https://www.bunnycart.com/aquarium-plants/foreground-aquatic-plants,197,0,0
1705295530238,197,HTTP Request-0,301,Moved Permanently,BunnyCart-Thread Group 1-5,text,true,,1393,219,1,1,https://bunnycart.com/aquarium-plants/foreground-aquatic-plants,197,0,0
1705295530435,243,HTTP Request-1,200,OK,BunnyCart-Thread Group 1-5,text,true,,314083,163,1,1,https://www.bunnycart.com/aquarium-plants/foreground-aquatic-plants,226,0,0
